<?xml version="1.0" encoding="UTF-8" standalone="yes"?>
<addon id="plugin.video.irishtv"
       name="Irish TV"
       version="1.0.4"
       provider-name="mossy">
    <requires>
        <import addon="xbmc.python" version="2.1.0"/>
        <import addon="script.module.socksipy" version="2.0.0"/>
        <import addon="script.module.pyamf" version="0.6.1"/>
    	<import addon="script.module.beautifulsoup" version="3.2.0"/>
    </requires>
    <extension point="xbmc.python.pluginsource"
               library="default.py">
        <provides>video</provides>
    </extension>
    <extension point="xbmc.addon.metadata">
	<language>en</language>
        <platform>all</platform>
        <summary>Irish TV On Demand</summary>
        <description>Irish TV On Demand. RTE, TV3, AerTV, TG4</description>
	<disclaimer>May not work outside Ireland</disclaimer>
    </extension>
</addon>
