<?xml version="1.0" encoding="UTF-8" standalone="yes"?>
<addon id="plugin.video.4od"
       name="4oD"
       version="2.0.11"
       provider-name="mossy">
    <requires>
        <import addon="script.module.socksipy" version="1.0.0"/>
        <import addon="xbmc.python" version="2.0"/>
    	<import addon="script.module.beautifulsoup" version="3.2.0"/>
    </requires>
    <extension point="xbmc.python.pluginsource"
               library="default.py">
        <provides>video</provides>
    </extension>
    <extension point="xbmc.addon.metadata">
        <language>en</language>
        <platform>all</platform>
        <summary>Channel 4 On Demand</summary>
        <description>Channel 4 On Demand</description>
        <disclaimer>May not work outside the UK and Ireland</disclaimer>
        <license>GNU GENERAL PUBLIC LICENSE. Version 3, 29 June 2007</license>
        <forum>http://forum.xbmc.org/showthread.php?tid=134118</forum>
        <website>http://code.google.com/p/mossy-xbmc-repo/</website>
        <source>http://code.google.com/p/plugin-video-4od/source/browse/</source>
    </extension>
</addon>
