<?xml version="1.0" encoding="UTF-8" standalone="yes"?>
<addon id="plugin.video.vine"
       name="Vine"
       version="2.0.0"
       provider-name="mossy">
    <requires>
        <import addon="script.module.socksipy" version="2.0.0"/>
        <import addon="xbmc.python" version="2.1.0"/>
    </requires>
    <extension point="xbmc.python.pluginsource"
               library="default.py">
        <provides>video</provides>
    </extension>
    <extension point="xbmc.addon.metadata">
	<language>en</language>
        <platform>all</platform>
        <summary>Vine</summary>
        <description>Videos from Twitter. Waste your life, six seconds at a time.</description>
    	<disclaimer>WARNING These videos are not moderated, by using this plugin you are accepting sole responsibility for any and all consequences of said use</disclaimer>
    </extension>
</addon>
