<?xml version="1.0" encoding="UTF-8" standalone="yes"?>
<addon id="plugin.video.4od"
       name="4oD"
       version="3.0.8"
       provider-name="mossy">
    <requires>
        <import addon="script.module.socksipy" version="2.0.0"/>
    	<import addon="script.module.beautifulsoup" version="3.2.0"/>
        <import addon="xbmc.python" version="2.1.0"/>
    </requires>
    <extension point="xbmc.python.pluginsource"
               library="default.py">
        <provides>video</provides>
    </extension>
    <extension point="xbmc.addon.metadata">
	<language>en</language>
        <platform>all</platform>
        <summary>Channel 4 On Demand</summary>
        <description>Channel 4 On Demand</description>
    	<disclaimer>May not work outside the UK and Ireland</disclaimer>
    </extension>
</addon>
