<?xml version="1.0" encoding="UTF-8" standalone="yes"?>
<addon id="plugin.video.irishtv"
       name="Irish TV"
       version="1.0.17"
       provider-name="mossy">
    <requires>
        <import addon="xbmc.python" version="2.0"/>
        <import addon="script.module.socksipy" version="1.0.0"/>
        <import addon="script.module.pyamf" version="0.6.1"/>
    	<import addon="script.module.beautifulsoup" version="3.2.0"/>
    </requires>
    <extension point="xbmc.python.pluginsource"
               library="default.py">
        <provides>video</provides>
    </extension>
    <extension point="xbmc.addon.metadata">
	<language>en</language>
        <platform>all</platform>
        <summary>Irish TV On Demand</summary>
        <description>Catchup with RTE, TV3, TG4 or watch live with AerTV.</description>
        <disclaimer>May not work outside Ireland. AerTV is going subscription only and so will only be available to AerTV Plus subscribers and Magnet Broadband customers (set your login details in the plugin settings).</disclaimer>
        <license>GNU GENERAL PUBLIC LICENSE. Version 3, 29 June 2007</license>
        <forum>http://forum.xbmc.org/showthread.php?tid=152897</forum>
        <website>http://code.google.com/p/mossy-xbmc-repo/</website>
        <source>http://code.google.com/p/plugin-video-irishtv/source/browse/</source>
    </extension>
</addon>
