<?xml version="1.0" encoding="UTF-8" standalone="yes"?>
<addon id="repository.mossy" 
        name="Mossy's Add-ons" 
        version="1.0.1" 
        provider-name="mossy"> 
    <extension point="xbmc.addon.repository" 
        name="Mossy's Add-ons"> 
        <info compressed="false">http://mossy-xbmc-repo.googlecode.com/git/addons.xml</info> 
        <checksum>http://mossy-xbmc-repo.googlecode.com/git/addons.xml.md5</checksum> 
        <datadir zip="true">http://mossy-xbmc-repo.googlecode.com/git</datadir> 
    </extension> 
    <extension point="xbmc.addon.metadata"> 
        <summary>Install add-ons from Mossy's add-on repository</summary> 
        <description>Download and install XBMC add-ons.</description> 
        <disclaimer>If it breaks, you get to keep the pieces</disclaimer> 
        <platform>all</platform> 
    </extension> 
</addon>

