<?xml version="1.0" encoding="UTF-8" standalone="yes"?>
<addon id="repository.mossy" 
        name="Mossys Add-ons" 
        version="1.0.5"
        provider-name="mossy">
    <extension point="xbmc.addon.repository" 
        name="Mossys Add-ons">
        <info compressed="false">http://mossy-xbmc-repo.googlecode.com/git/addons.xml</info>
        <checksum>http://mossy-xbmc-repo.googlecode.com/git/addons.xml.md5</checksum>
        <datadir zip="true">http://mossy-xbmc-repo.googlecode.com/git</datadir>
    </extension>
    <extension point="xbmc.addon.metadata">
        <summary>Install add-ons from Mossys add-on repository</summary>
        <description>Home of Irish TV Player &amp; 4oD</description>
        <disclaimer>If it breaks, you get to keep the pieces</disclaimer>
        <platform>all</platform>
    </extension>
</addon>
