<?xml version="1.0" encoding="UTF-8" standalone="yes"?>
<addon id="plugin.video.4od"
       name="4oD"
       version="1.8.1"
       provider-name="mossy">
    <requires>
        <import addon="xbmc.python" version="2.0"/>
        <import addon="plugin.video.youtube" version="3.2.0"/>
    </requires>
    <extension point="xbmc.python.pluginsource"
               library="default.py">
        <provides>video</provides>
    </extension>
    <extension point="xbmc.addon.metadata">
        <platform>all</platform>
        <summary>Channel 4 On Demand</summary>
        <description>Channel 4 On Demand</description>
    </extension>
</addon>
